1,2,4,5,6,7,8,9,10,11,12,13,16,20,21,22,23,24,25,3,14,15,17,18,19
"Here’s a list of 50 films that center on lesbian (or sapphic) characters, relationships, or themes. (Some are more mainstream, some are indie or international.)","Here’s a list of 50 lesbian (or sapphic / queer women–centric) films spanning a variety of genres, eras, and styles. Some are more romantic, some more dramatic or experimental — but all feature lesbian or queer-women stories as central themes.","Here’s a (non-exhaustive) list of 50 films with lesbian / sapphic themes, representation, or protagonists. If you like, I can also filter by era, genre, or region (e.g. contemporary, classic, Asian, Spanish, etc.).","Here’s a list of 50 films that either center lesbian characters or prominently explore lesbian / queer women’s lives. (Some are more “queer women” broadly, but still may appeal.)","Here’s a list of 50 lesbian / sapphic / queer women–centered films (in no particular order). Some are more well-known, others are indie or international — if you like, I can also group them by genre, era, or availability (streaming, etc.):","Here’s a list of 50 lesbian / sapphic films (in no particular order) that span a variety of genres, eras, and countries. Some are classics, some newer, some more indie. If you like, I can narrow them by genre, decade, or availability.","Here’s a list of 50 films — past and more recent — that feature lesbian or sapphic stories (romance, drama, coming-of-age, etc.). Some are more prominent or well-known than others, but they all contribute to lesbian visibility in cinema:","Here’s a list of 50 lesbian / sapphic-focused films (fiction, documentary, romance, drama, etc.). Some are classics, some more recent, and they span many countries and styles:","Here’s a list of 50 lesbian / sapphic films (narrative, documentary, indie, classic) you might enjoy exploring. (They vary in tone, era, and style.)","Here’s a list of 50 lesbian (or sapphic / queer woman–centered) films you might enjoy. Some are classics, some are more recent, and they cover a variety of genres and styles:","Here’s a list of 50 lesbian (or lesbian‐centered / sapphic) films across genres, eras, and countries. (Some are more “queer women” in focus than purely “lesbian,” but all have strong lesbian or sapphic themes.)","Here’s a list of 50 films (features, docs, indies) that prominently include lesbian / sapphic themes, relationships, or characters. (This is not exhaustive — many more exist.)","Here are 50 lesbian / sapphic films from various eras, genres, and countries. (This list is by no means exhaustive, but it’s a good starting point.)","Here’s a list of 50 lesbian (or sapphic / queer women–centered) films across genres, eras, and countries. (Some are more “queer female–centered” than purely lesbian, but each has significant lesbian/sapphic representation.) If you like, I can group them by theme, era, or availability.","Here’s a list of 50 lesbian / queer-women / sapphic films (fiction, documentary, indie, etc.). If you want a subset by genre, era, or country, I can filter.","Here’s a list of 50 lesbian / sapphic-oriented films (drama, romance, indie, classic, etc.). Some focus centrally on lesbian relationships, others include strong lesbian/sapphic themes or characters. Happy watching!","Here’s a list of 50 lesbian / sapphic films (fiction and documentary) you might enjoy. If you want them by decade, genre, or region, I can filter further.","Here’s a list of 50 lesbian / sapphic / queer-women focused films (across genres, eras, and countries). Some are more “lesbian films” in the overt sense, others have strong queer female representation or central relationships. If you like, I can group them by era, genre, or availability.","Here’s a list of 50 lesbian / sapphic films (fiction, documentary, and various genres) you might enjoy. Some are well-known, others more indie — let me know if you want a subset by era, country, style, etc.","Here’s a curated list of 50 lesbian films, ranging from classics to modern masterpieces, covering diverse genres — romance, drama, comedy, and historical fiction.","Here’s a list of 50 notable lesbian films from different countries and eras, including dramas, comedies, romances, and thrillers that feature lesbian themes or relationships:","Here’s a list of 50 notable lesbian films, spanning multiple genres, countries, and decades — from classic cinema to modern queer storytelling:","Here’s a list of 50 notable lesbian films spanning different genres, eras, and countries — from classic dramas to modern romances and indie gems:","Here’s a curated list of 50 lesbian films — a mix of classics, indie gems, and modern favorites from around the world, spanning drama, romance, comedy, and documentary genres.","Here’s a list of 50 notable lesbian films — a mix of classics, indies, and contemporary releases from around the world that explore lesbian love, identity, and community:"
,,,,,,,,,,,,,,,,,,,🎬 Classics & Cult Favorites,🎬 Classics & Early Representations,🎬 Classics & Early Representations,🌈 Classics & Early Representations,🎬 Classics & Early Representations,🎬 Classics & Pioneers
Portrait of a Lady on Fire (2019),Portrait of a Lady on Fire (2019) (Harper's BAZAAR),Portrait of a Lady on Fire (2019) (Harper's BAZAAR),Portrait of a Lady on Fire (2019) (Harper's BAZAAR),Portrait of a Lady on Fire (2019) (Harper's BAZAAR),Portrait of a Lady on Fire (2019) (Harper's BAZAAR),Portrait of a Lady on Fire (2019),Portrait of a Lady on Fire (2019) (Harper's BAZAAR),Portrait of a Lady on Fire (2019) (Harper's BAZAAR),Portrait of a Lady on Fire (2019) (Harper's BAZAAR),Portrait of a Lady on Fire (2019),Portrait of a Lady on Fire (2019),Portrait of a Lady on Fire (2019) (Harper's BAZAAR),Portrait of a Lady on Fire (2019),Portrait of a Lady on Fire (2019),Portrait of a Lady on Fire (2019),Portrait of a Lady on Fire (2019),Portrait of a Lady on Fire (2019) (Harper's BAZAAR),Portrait of a Lady on Fire (2019),Desert Hearts (1985),The Children’s Hour (1961),The Children's Hour (1961),The Killing of Sister George (1968),The Watermelon Woman (1996),Desert Hearts (1985)
Carol (2015),The Handmaiden (2016) (IndieWire),The Watermelon Woman (1996) (Wikipedia),The Watermelon Woman (1996) (IMDb),Carol (2015) (Wikipedia),Carol (2015) (Wikipedia),Carol (2015),The Water Lilies / Naissance des Pieuvres (2007) (Autostraddle),The Watermelon Woman (1996) (Wikipedia),The Water Lilies / Water Lilies (Les Nymphéas / Naissance des pieuvres) (2007) (Harper's BAZAAR),Carol (2015),Desert Hearts (1985),Water Lilies (Naissance des Pieuvres) (2007) (Harper's BAZAAR),Carol (2015),Carol (2015),Carol (2015),Carol (2015),Carol (2015) (IMDb),The Watermelon Woman (1996) (Wikipedia),The Watermelon Woman (1996),Persona (1966),Desert Hearts (1985),The Children’s Hour (1961),Desert Hearts (1985),The Watermelon Woman (1996)
The Watermelon Woman (1996) (Wikipedia),Carol (2015) (Wikipedia),Carol (2015) (Wikipedia),Bound (1996) (IMDb),Pariah (2011) (Wikipedia),Bound (1996) (Wikipedia),The Incredibly True Adventure of Two Girls in Love (1995),The Incredibly True Adventure of Two Girls in Love (1995) (Teen Vogue),Bound (1996) (Wikipedia),Mosquita y Mari (2012) (Harper's BAZAAR),The Watermelon Woman (1996),Bound (1996) (Wikipedia),The Incredibly True Adventure of Two Girls in Love (1995) (Teen Vogue),The Handmaiden (2016),Blue Is the Warmest Colour (La Vie d’Adèle) (2013),Bound (1996),The Handmaiden (2016),The Watermelon Woman (1996) (IMDb),Go Fish (1994) (Wikipedia),Go Fish (1994),The Killing of Sister George (1968),Personal Best (1982),Desert Hearts (1985),Go Fish (1994),Go Fish (1994)
Go Fish (1994) (Wikipedia),Blue Is the Warmest Colour (2013) (IMDb),Bound (1996) (Wikipedia),But I’m a Cheerleader (1999) (IMDb),Blue Is the Warmest Colour (2013) (IMDb),The Watermelon Woman (1996) (Autostraddle),But I’m a Cheerleader (1999),Carol (2015) (Out Magazine),Go Fish (1994) (Wikipedia),Bound (1996) (Wikipedia),Bound (1996),The Watermelon Woman (1996) (Wikipedia),Bound (1996) (Wikipedia),Blue Is the Warmest Colour / La Vie d’Adèle (2013),The Miseducation of Cameron Post (2018),The Watermelon Woman (1996),Bound (1996) (Wikipedia),Bound (1996) (IMDb),Bound (1996) (Wikipedia),Bound (1996),Desert Hearts (1985),Lianna (1983),Personal Best (1982),Bound (1996),Claire of the Moon (1992)
Fire (1996) (Wikipedia),Bound (1996) (Wikipedia),Fire (1996) (Wikipedia),Carol (2015) (IMDb),The Handmaiden (2016) (IndieWire),Fire (1996) (Wikipedia),Bound (1996) (Wikipedia),But I’m a Cheerleader (1999) (Letterboxd),Fire (1996) (Wikipedia),The Watermelon Woman (1996) (Wikipedia),Fire (1996),Go Fish (1994) (Wikipedia),The Watermelon Woman (1996) (Wikipedia),Pariah (2011),Desert Hearts (1985),Pariah (2011),The Watermelon Woman (1996) (Wikipedia),But I’m a Cheerleader (1999) (IMDb),Fire (1996) (Wikipedia),But I’m a Cheerleader (1999),Lianna (1983),The Hunger (1983),Lianna (1983),But I’m a Cheerleader (1999),High Art (1998)
But I’m a Cheerleader (1999),The Watermelon Woman (1996) (Wikipedia),But I’m a Cheerleader (1999) (Autostraddle),Desert Hearts (1985) (GO Magazine),Tomboy (2011) (Wikipedia),Rafiki (2018) (Wikipedia),Go Fish (1994) (Wikipedia),Bound (1996) (Wikipedia),But I’m a Cheerleader (1999) (Letterboxd),Go Fish (1994) (Wikipedia),But I’m a Cheerleader (1999),But I’m a Cheerleader (1999),Go Fish (1994) (Wikipedia),But I’m a Cheerleader (1999),Bound (1996) (Wikipedia),Go Fish (1994),Go Fish (1994) (Wikipedia),Blue Is the Warmest Colour (2013) (IMDb),Julie and Me (1998) (Wikipedia),Gia (1998),Personal Best (1982),Go Fish (1994),Go Fish (1994),High Art (1998),The Incredibly True Adventure of Two Girls in Love (1995)
Bound (1996),Go Fish (1994) (Wikipedia),Water Lilies (2007) (Harper's BAZAAR),Pariah (2011) (IndieWire),Go Fish (1994) (Wikipedia),But I’m a Cheerleader (1999) (Autostraddle),The Watermelon Woman (1996) (Wikipedia),Go Fish (1994) (Wikipedia),The Incredibly True Adventure of Two Girls in Love (1995) (Teen Vogue),Fire (1996) (Wikipedia),Desert Hearts (1985),Carol (2015),Carol (2015) (often included in lesbian / queer film lists) (Saint Paul Public Library),Bound (1996),But I’m a Cheerleader (1999),But I’m a Cheerleader (1999),But I’m a Cheerleader (1999),The Incredibly True Adventure of Two Girls in Love (1995) (Teen Vogue),"Edie & Thea: A Very Long Engagement (2009, documentary) (Wikipedia)",If These Walls Could Talk 2 (2000),Heavenly Creatures (1994),The Incredibly True Adventure of Two Girls in Love (1995),The Watermelon Woman (1996),Claire of the Moon (1992),Better Than Chocolate (1999)
Imagine Me & You (2006),Desert Hearts (1985) — often cited in lesbian film “canon” lists (IndieWire),Imagine Me & You (2005) (Out Magazine),The Miseducation of Cameron Post (2018) (IMDb),Fire (1996) (Wikipedia),Mädchen in Uniform (1931) (Reddit),Mädchen in Uniform (1931),The Watermelon Woman (1996) (Wikipedia),Mosquita y Mari (2012) (Harper's BAZAAR),But I’m a Cheerleader (1999) (Autostraddle),The Miseducation of Cameron Post (2018),The Handmaiden (2016),Fire (1996) (Wikipedia),The Incredibly True Adventure of Two Girls in Love (1995),The Watermelon Woman (1996),Desert Hearts (1985),Fire (1996) (Wikipedia),Desert Hearts (1985) (GO Magazine),The Incredibly True Adventure of Two Girls in Love (1995),High Art (1998),High Art (1998),Bound (1996),High Art (1998),Gia (1998),Bound (1996)
The Incredibly True Adventure of Two Girls in Love (1995),Pariah (2011) (IndieWire),Mosquita y Mari (2012) (Harper's BAZAAR),Fire (1996) (Wikipedia),The Incredibly True Adventure of Two Girls in Love (1995) (Teen Vogue),Mosquita y Mari (2012) (Harper's BAZAAR),Fire (1996) (Wikipedia),Fire (1996) (Wikipedia),Princess Cyd (2017) (Harper's BAZAAR),Imagine Me & You (2005 / 2006) (Out Magazine),Pariah (2011),Water Lilies (Naissance des Pieuvres) (2007),Mosquita y Mari (2012) (Harper's BAZAAR),Go Fish (1994) (Wikipedia),Fire (1996) (Wikipedia),Imagine Me & You (2005),Mosquita y Mari (2012) (Harper's BAZAAR),Pariah (2011) (IndieWire),But I’m a Cheerleader (1999),Aimée & Jaguar (1999),Go Fish (1994),High Art (1998),But I’m a Cheerleader (1999),Fried Green Tomatoes (1991),But I’m a Cheerleader (1999)
Saving Face (2005),Saving Face (2005) (Autostraddle),Princess Cyd (2017) (Harper's BAZAAR),Julie and Me (1998) (Wikipedia),But I’m a Cheerleader (1999) (Autostraddle),Circumstance (2011) (Harper's BAZAAR),Saving Face (2005),Saving Face (2005) (San Francisco Chronicle),Stud Life (2012) (Harper's BAZAAR),The Incredibly True Adventure of Two Girls in Love (1995) (Teen Vogue),The Handmaiden (2016),The Miseducation of Cameron Post (2018),Better Than Chocolate (1999) (often listed in lesbian film collections) (IMDb),The Watermelon Woman (1996) (Wikipedia),Better Than Chocolate (1999) (Wikipedia),The Handmaiden (2016),Saving Face (2005),The Miseducation of Cameron Post (2018) (IMDb),Carol (2015),The Incredibly True Adventure of Two Girls in Love (1995),Bound (1996),But I'm a Cheerleader (1999),Bound (1996),If These Walls Could Talk 2 (2000),Heavenly Creatures (1994)
,,,,,,,,,,,,,,,,,,,💞 Romantic Dramas,❤️ Romance & Coming-of-Age,💕 Romance & Coming-of-Age,💔 Dramas & Coming-of-Age Stories,💕 Romance & Coming-of-Age Stories,"💔 Romance, Drama & Identity"
Mosquita y Mari (2012) (Harper's BAZAAR),Imagine Me & You (2005) (Autostraddle),Stud Life (2012) (Harper's BAZAAR),Mosquita y Mari (2012) (Harper's BAZAAR),Bound (1996) (Letterboxd),Princess Cyd (2017) (Harper's BAZAAR),Mosquita y Mari (2012) (Harper's BAZAAR),Mosquita y Mari (2012) (Harper's BAZAAR),Water Lilies (Naissance des Pieuvres) (2007) (Harper's BAZAAR),Saving Face (2005) (San Francisco Chronicle),Blue Is the Warmest Colour (La Vie d’Adèle) (2013),Imagine Me & You (2005),Stud Life (2012) (Harper's BAZAAR),Fire (1996) (Wikipedia),Happiest Season (2020),Mädchen in Uniform (1931),The Miseducation of Cameron Post (2018),Saving Face (2005) (San Francisco Chronicle),Blue Is the Warmest Colour (2013),Blue Is the Warmest Color (2013),Imagine Me & You (2005),Imagine Me & You (2005),Blue Is the Warmest Color (2013),Imagine Me & You (2005),Blue Is the Warmest Color (2013)
Water Lilies (2007),The Incredibly True Adventures of Two Girls in Love (1995) (Teen Vogue),Love Lies Bleeding (2024) (Harper's BAZAAR),Water Lilies (Naissance des Pieuvres) (2007) (Harper's BAZAAR),Mosquita y Mari (2012) (Harper's BAZAAR),Water Lilies (2007) (Harper's BAZAAR),Princess Cyd (2017) (Harper's BAZAAR),Love Lies Bleeding (2024) (Harper's BAZAAR),The Handmaiden (2016) (Teen Vogue),Carol (2015) (Out Magazine),My Summer of Love (2004),Saving Face (2005),Princess Cyd (2017) (Harper's BAZAAR),Imagine Me & You (2005),Princess Cyd (2017),The Incredibly True Adventure of Two Girls in Love (1995),Pariah (2011),Allure (2017) (IMDb),Tipping the Velvet (2002),Carol (2015),But I’m a Cheerleader (1999),Blue Is the Warmest Color (2013),Portrait of a Lady on Fire (2019),Blue Is the Warmest Color (2013),Carol (2015)
Disobedience (2017),But I’m a Cheerleader (1999) (Reddit),Julie and Me (1998) (Wikipedia),The Feels (2017) (Wikipedia),Princess Cyd (2017) (Harper's BAZAAR),Gia (1998) (Harper's BAZAAR),Stud Life (2012) (Harper's BAZAAR),Princess Cyd (2017) (Harper's BAZAAR),Saving Face (2005) (San Francisco Chronicle),Pariah (2011) (Out Magazine),Disobedience (2017),The Children’s Hour (1961),Julie and Me (1998) (Wikipedia),Saving Face (2005),Mosquita y Mari (2012),Lost and Delirious (2001),Blue Is the Warmest Colour (2013),Mosquita y Mari (2012) (Harper's BAZAAR),Imagine Me & You (2005),Portrait of a Lady on Fire (2019),Blue Is the Warmest Color (2013),The Half of It (2020),Imagine Me & You (2005),Carol (2015),Portrait of a Lady on Fire (2019)
The Handmaiden (2016),Tipping the Velvet (2002) (IMDb),Forbidden Love: The Unashamed Stories of Lesbian Lives (1992) (Wikipedia),Allure (2017) (IMDb),Stud Life (2012) (Harper's BAZAAR),Stud Life (2012) (Harper's BAZAAR),Water Lilies (Naissance des Pieuvres / La Naissance des pieuvres) (2007),Gia (1998) (Harper's BAZAAR),Edie & Thea: A Very Long Engagement (2009) (Wikipedia),Stud Life (2012) (Harper's BAZAAR),The Children’s Hour (1961),Mulholland Drive (2001),Edie & Thea: A Very Long Engagement (2009) (documentary) (Wikipedia),Circumstance (2011),Drive-Away Dolls (2024),Fire (1996),Disobedience (2017),Fire (1996) (Wikipedia),Saving Face (2005),Ammonite (2020),Disobedience (2017),Portrait of a Lady on Fire (2019),Lost and Delirious (2001),Portrait of a Lady on Fire (2019),Disobedience (2017)
Pariah (2011),Fire (1996) (Deepa Mehta) (Wikipedia),Mädchen in Uniform (1931) (Wikipedia),Heterosexual Jill (2013) (IMDb),Love Lies Bleeding (2024) (Harper's BAZAAR),"Yuriko, Dasvidaniya (2011) (Wikipedia)",Imagine Me & You (2005),Stud Life (2012) (Harper's BAZAAR),Julie and Me (1998) (Wikipedia),Princess Cyd (2017) (Harper's BAZAAR),Water Lilies (Naissance des Pieuvres) (2007),High Art (1998),The Miseducation of Cameron Post (2018) (frequently appears in queer cinema lists) (Reddit),Mosquita y Mari (2012) (Harper's BAZAAR),Love Lies Bleeding (2024),High Art (1998),Kiss Me (Ta mig tillbaka) (2011),Julie and Me (1998) (Wikipedia),Pariah (2011),Imagine Me & You (2005),Portrait of a Lady on Fire (2019),Disobedience (2017),Pariah (2011),Summerland (2020),The World to Come (2020)
Blue Is the Warmest Color (La Vie d’Adèle) (2013),Julie and Me (1998) (Wikipedia),Codependent Lesbian Space Alien Seeks Same (2011) (Reddit),Show Me Love (Fucking Åmål) (1998) (IMDb),What to Read Next (documentary) (Harper's BAZAAR),Julie and Me (1998) (Wikipedia),The Hours / Disobedience,Imagine Me & You (2005/6) (Out Magazine),Carol (2015) (Out Magazine),Gia (1998) (Harper's BAZAAR),Kiss Me (2011),Shiva Baby (2020),Imagine Me & You (2005) (often included in lesbian movie lists) (Out Magazine),Princess Cyd (2017) (Harper's BAZAAR),Shiva Baby (2021),Water Lilies (2007),High Art (1998),Go Fish (1994) (Autostraddle),Cloudburst (2011),Nina’s Heavenly Delights (2006),The Handmaiden (2016),Carol (2015),My Summer of Love (2004),The Half of It (2020),The Handmaiden (2016)
Desert Hearts (1985),Water Lilies (original French: Naissance des pieuvres) (2007) (Harper's BAZAAR),The Children’s Hour (1961) (Reddit),Go Fish (1994) (IMDb),The Watermelon Woman (1996) (Autostraddle),Codependent Lesbian Space Alien Seeks Same (2011) (Reddit),Amy & Jordan / Amy & Isabelle,Circumstance (2011) (Harper's BAZAAR),Pariah (2011) (Out Magazine),Love Lies Bleeding (2024) (Harper's BAZAAR),The Favourite (2018),Pariah (2011),Disobedience (2017) (a film with lesbian romance in a restrictive religious setting) (Saint Paul Public Library),Water Lilies (2007),Lovesong (2016),Thelma (2017),Gia (1998) (Harper's BAZAAR),Women Who Kill (2016) (IMDb),Circumstance (2011),Elena Undone (2010),Saving Face (2004),Lost and Delirious (2001),The World Unseen (2007),Elena Undone (2010),My Days of Mercy (2017)
Go Fish (1994),Gia (1998) (Harper's BAZAAR),Working Girls (1986) (Reddit),Saving Face (2005) (San Francisco Chronicle),Imagine Me & You (2005) (Out Magazine),Outlaw (1994) (Reddit),High Art (1998),The Miseducation of Cameron Post (2018) (Reddit),Imagine Me & You (2006) (Out Magazine),Heterosexual Jill (2013) (IMDb),Aimee & Jaguar (1999),Gia (1998),Saving Face (2005) (San Francisco Chronicle),Loving Annabelle (2006),The Incredibly True Adventure of Two Girls in Love (1995),Blue Is the Warmest Color (2013),Circumstance (2011) (Harper's BAZAAR),Appropriate Behavior (2014) (IMDb),The Kids Are All Right (2010),I Can’t Think Straight (2008),Carol (2015),My Summer of Love (2004),Below Her Mouth (2016),Jenny’s Wedding (2015),Tell It to the Bees (2018)
When Night Is Falling (1995),Circumstance (2011) (Harper's BAZAAR),D.E.B.S. (2005) (Reddit),Personal Best (1982) (Paste Magazine),When Night Is Falling (1995) (Facebook),Working Girls (1986) (Reddit),All Over Me (1997),Shiva Baby (2020) (Reddit),What’s Love Got to Do with It? (1993) — (in some lists) (Saint Paul Public Library),Breaking the Girls (2012) (IMDb),Imagine Me & You (2005),Fire (1996) (Wikipedia),"Carol’s Daughter (not sure of exact title, but variations are in queer film lists) (Saint Paul Public Library)",Disobedience (2017),Codependent Lesbian Space Alien Seeks Same (2011),Saving Face (2005),Imagine Me & You (2005),Show Me Love (1998) (IMDb),Appropriate Behavior (2014),My Summer of Love (2004),I Can’t Think Straight (2008),Bloomington (2010),The Handmaiden (2016),Kiss Me (Kyss Mig) (2011),Ammonite (2020)
The Children’s Hour (1961),Princess Cyd (2017) (Harper's BAZAAR),The Incredibly True Adventure of 2 Girls in Love (1995) (Reddit),Born in Flames (1983) (Paste Magazine),Mädchen in Uniform (1931) (San Francisco Chronicle),D.E.B.S. (2005) (Reddit),Gia (1998),Julie and Me (1998) (Wikipedia),All Over Me (1997) (Saint Paul Public Library),Jack & Diane (2012) (IMDb),Ammonite (2020),Edie & Thea: A Very Long Engagement (2009) — documentary (Wikipedia),My Summer of Love (2004) (sometimes included in queer film discussions) (Saint Paul Public Library),"The Fall of the Roman Empire (fictional) — just kidding, that’s not one",Working Girls (1986),Gia (1998),The Incredibly True Adventure of Two Girls in Love (1995),Gia (1998) (Harper's BAZAAR),Desert Hearts (1985),The World to Come (2020),The World to Come (2020),Elena Undone (2010),Disobedience (2017),Saving Face (2004),Elena Undone (2010)
,,,,,,,,,,,,,,,,,,,🌈 Contemporary Queer Cinema,🌈 Modern & Indie Highlights,🌍 International Queer Cinema,"🎬 Indie, Art-House, & Experimental",🌈 Modern & Indie Favorites,🧭 Coming-of-Age Stories
Gia (1998),Stud Life (2012) (Harper's BAZAAR),Shiva Baby (2020) (Reddit),Vampyros Lesbos (1971) (Paste Magazine),Codependent Lesbian Space Alien Seeks Same (2011) (Reddit),The Incredibly True Adventure of 2 Girls in Love (1995) (Reddit),Circumstance (2011) (Harper's BAZAAR),Edie & Thea: A Very Long Engagement (2009) (Wikipedia),The Children’s Hour (1961) (Reddit),Ashley (2013) (IMDb),Saving Face (2005),The Favourite (2018),All Over Me (1997) (Saint Paul Public Library),"(correcting) The Hours (2002) — not purely lesbian, but with queer women subplot",Show Me Love (Fucking Åmål) (1998),Mosquita y Mari (2012),Stranger by the Lake (2013),Princess Cyd (2017) (Harper's BAZAAR),Below Her Mouth (2016),Disobedience (2017),Booksmart (2019),"The Handmaiden (2016, South Korea)",Mulholland Drive (2001),Booksmart (2019),Pariah (2011)
Gia (1998),Love Lies Bleeding (2024) (Harper's BAZAAR),"Caroline, or Change (not strictly lesbian, but queer adjacent, optional)",The Half of It (2020) (Reddit),Outlaw (1994) (Reddit),Desert Hearts (1985) (Reddit),Love Lies Bleeding (2024) (Harper's BAZAAR),Work/Bodies (documentary) (various) — (often appears in lesbian film lists) (Autostraddle),Working Girls (1986) (Reddit),Contracted (2013) (IMDb),The World to Come (2020),The Kids Are All Right (2010),When Night Is Falling (1995) (IMDb),The Miseducation of Cameron Post (2018),Imagine Me & You (2005),Love Lies Bleeding (2024),Freeheld (2015),Love Lies Bleeding (2024) (Harper's BAZAAR),Disobedience (2017),The Handmaiden (2016),Ammonite (2020),"Viva (2015, Cuba/Ireland)","A Portrait of the Artist as a Young Dyke (short, 2023)",Shiva Baby (2020),The Miseducation of Cameron Post (2018)
Circumstance (2011) (Harper's BAZAAR),Mosquita y Mari (2012) (Harper's BAZAAR),The Handmaiden (2016) (Korean) — often celebrated in queer cinema circles (Reddit),Appropriate Behavior (2014) (IMDb),The Children’s Hour (1961) (Reddit),"The Handmaiden (2016) — though more broadly queer, with strong lesbian elements (Reddit)",Edie & Thea: A Very Long Engagement (2009) — documentary (Wikipedia),My Summer of Love (2004) — though sometimes bisex / sapphic themes,D.E.B.S. (2005) (Reddit),Ambrosia (2012) (IMDb),Carol (repeated above),Blue Is the Warmest Color (2013),The Children’s Hour (1961) (older film with lesbian themes) (Reddit),Rafiki (2018),Saving Face (2005),Princess Cyd (2017),Desert Hearts (1985),Carol’s Second Era / Modern Queer Films (various),La Vie d’Adèle (Blue Is the Warmest Colour) (2013),Pariah (2011),Pariah (2011),"Aimee & Jaguar (1999, Germany)",The Miseducation of Cameron Post (2018),Happiest Season (2020),Imagine Me & You (2005)
Princess Cyd (2017) (Harper's BAZAAR),All Over Me (1997) (Autostraddle),"The Favourite (2018) — queer subtext, sapphic reading (Reddit)",Women Who Kill (2016) (IMDb),Working Girls (1986) (Reddit),I Care a Lot (2020) — features lesbian characters (though not fully a “lesbian film”) (Reddit),Julie and Me (Revoir Julie) (1998) (Wikipedia),Fingersmith (2005) — adaptation of Sarah Waters novel with lesbian plot,Codependent Lesbian Space Alien Seeks Same (2011) (Reddit),The Children’s Hour (1961) (Reddit),Signature Move (2017),Summerland (2020),But I’m a Cheerleader (1999) (Reddit),My Summer of Love (2004),Edie & Thea: A Very Long Engagement (2009) (documentary) (Wikipedia),DEBS (2005),Heavenly Creatures (1994),The Favourite (has queer women subplot) (IndieWire),Loving Annabelle (2006),Rafiki (2018),Shiva Baby (2020),"Pariah (2011, USA)",All About E (2015),Ammonite (2020),Bloomington (2010)
Stud Life (2012) (Harper's BAZAAR),High Art (1998) (Autostraddle),Desert Hearts (1985) — a classic queer romance often included in lesbian film lists,Concussion (2013) (IMDb),D.E.B.S. (2005) (Reddit),Summerland (2020) (Reddit),The Children’s Hour (1961),Loving Annabelle (2006),Mädchen in Uniform (1931) (Reddit),Mädchen in Uniform (1931) (Reddit),Julie and Me (Revoir Julie) (1998),Princess Cyd (2017),Codependent Lesbian Space Alien Seeks Same (2011) (Reddit),Circus of Books (2019) — documentary,Ellie & Abbie (& Ellie’s Dead Aunt) (2020) (Wikipedia),The Duke of Burgundy (2014),Elena Undone (2010),The Handmaiden (2016) (IndieWire),The Handmaiden (2016),Happiest Season (2020),Summertime (La Belle Saison) (2015),"Mosquita y Mari (2012, USA)",The Firefly (2013),The Miseducation of Cameron Post (2018),Summertime (La Belle Saison) (2015)
Jack & Diane,Born in Flames (1983) (Autostraddle),"Mulholland Drive (2001) — though more surreal, often appears in queer film discussions (Reddit)",The Handmaiden (2016) — though this is a Korean film with lesbian themes (or queer subtext) (IndieWire),"Edie & Thea: A Very Long Engagement (2009, documentary) (Wikipedia)",Duck Butter (2018) (Reddit),Working Girls (1986),Circus of Books (2019) — documentary with queer women themes,Outlaw (1994) (Reddit),Shiva Baby (2020) (Autostraddle),Go Fish (1994),Lost and Delirious (2001),Outlaw (1994) (mentioned in queer film lists) (Reddit),Edie & Thea: A Very Long Engagement (2009) — documentary (Wikipedia),The Children’s Hour (1961),The Miseducation of Cameron Post (2018),Blue (1993),The Half of It (2020) (often included in queer film lists),Colette (2018),Booksmart (2019),Bloomington (2010),"Rafiki (2018, Kenya)",Stud Life (2012),The World to Come (2020),Saving Face (2004)
Heterosexual Jill,Stranger Inside (2001) (Autostraddle),The Bitter Tears of Petra von Kant (1972) — a queer classic often cited in lesbian film lists (Reddit),Come See Me in the Good Light (2021) (IndieWire),Better Than Chocolate (1999) (IMDb),My First Summer (2020) (Reddit),D.E.B.S. (2005),High Art (1998),Shiva Baby (2020) (Reddit),Codependent Lesbian Space Alien Seeks Same (2011) (Reddit),Mosquita y Mari (2012),Elena Undone (2010),"Watermelon Woman (we already have, but versions / re-evaluations) (Autostraddle)",Julie and Me (1998) (Wikipedia),High Art (1998),Happiest Season (2020),Loving Annabelle (2006),Summertime,Ava’s Impossible Things (2016),Tell It to the Bees (2018),Below Her Mouth (2016),"Fire (1996, India)",The Incredibly True Adventure of Two Girls in Love (1995),Margarita with a Straw (2014),Wild Nights with Emily (2018)
Breaking the Girls,The Duke of Burgundy (2014) (IMDb),Personal Best (1982) — sports + lesbian themes,The Favourite (2018) — includes queer women interest (though not strictly “lesbian film”) (IndieWire),Jack & Diane (2012) (IMDb),Anaïs in Love (2021) (Reddit),Outlaw (1994),La Mission (2009) — queer themes,"The Last of Us (HBO) — technically a TV series, but often mentioned in queer media lists (Reddit)",Outlaw (1994) (Reddit),Gia (1998),Mosquita y Mari (2012),Gia (1998) (often appears in lesbian / queer film lists) (Harper's BAZAAR),Below Her Mouth (2016),Girlhood / Bande de Filles (2014) (has sapphic themes),Addicted to Fresno (2015),The Hours (2002),Bare,Mädchen in Uniform (1931),Summerland (2020),The Half of It (2020),"Butterfly (1999, Spain)",Room in Rome (2010),The Feels (2017),Loving Annabelle (2006)
Ashley,She Must Be Seeing Things (1987) (Autostraddle),Hunger (2008) — includes lesbian themes,Gia (1998) (Harper's BAZAAR),Heterosexual Jill (2013) (IMDb),Kissing Jessica Stein (2001) (Reddit),Codependent Lesbian Space Alien Seeks Same (2011),Rafiki (2018),Love Lies Bleeding (2024) (Harper's BAZAAR),Working Girls (1986) (Reddit),"Love, Simon (not strictly lesbian, but has queer women subplots)",Stud Life (2012),Love Lies Bleeding (2024) (Harper's BAZAAR),Desert Hearts (1985),The Handmaiden (2016),The Intervention (2016),When Night Is Falling (1995),Freeheld,Ammonite (2020),D.E.B.S. (2004),A Date for Mad Mary (2016),"Circumstance (2011, Iran/USA)",A Marine Story (2010),My Days of Mercy (2017),Jamie and Jessie Are Not Together (2011)
Ambrosia,Heavenly Creatures (1994) (Autostraddle),"Blue is the Warmest Colour (2013) — while more commonly labeled as bisexual/queer, often included in lesbian film lists",Love Lies Bleeding (2024) (Harper's BAZAAR),Ambrosia (2012) (IMDb),Pariah (2011) (Reddit),Shiva Baby (2020),The Half of It (2020),High School (2022) — includes lesbian characters in queer media lists (Reddit),D.E.B.S. (2005) (Reddit),Portrait de la jeune fille en feu (redundant with #1),Love Lies Bleeding (2024) (Harper's BAZAAR),Heterosexual Jill (2013) (IMDb),Firebird (2021),La Belle Saison (A Season in France) (2015),Girls Like Magic (2017),My Summer of Love (2004),Actual Reality,The Favourite (2018),Below Her Mouth (2016),Elisa & Marcela (2019),"Cloudburst (2011, Canada)",Bloomington (2010),Liz in September (2014),Girl Picture (2022)
,,,,,,,,,,,,,,,,,,,🎥 Indie & International Gems,💔 Drama & Psychological Stories,🌈 Dramas & Psychological Stories,❤️ Romance & Comedy,🌍 International Highlights,🌎 International Films
The Baby Formula,Set It Off (1996) — included in some queer / lesbian film lists (Autostraddle),"Heavenly Creatures (1994) — intense female bond, sometimes read through queer lens",Princess Cyd (2017) (Harper's BAZAAR),Ashley (2013) (IMDb),Desperate Living (1977) (Reddit),Blue Is the Warmest Colour (2013),Ammonite (2020),You Can Live Forever (2022) (Reddit),"Edie & Thea: A Very Long Engagement (2009, documentary) (Wikipedia)",Stud Life (2012),Cuckoo (2024),Jack & Diane (2012) (IMDb),Blueboy (1994),Kindred Spirits (2007),Sign Me Up!,XXY (2007),A Girl Like Grace,Rafiki (2018),"Margarita with a Straw (2014, India)",Notes on a Scandal (2006),Heavenly Creatures (1994),D.E.B.S. (2004),"Rafiki (2018, Kenya)","Aimee & Jaguar (1999, Germany)"
Bar Girls,Personal Best (1982) — often remembered in lesbian sports romance lists (Reddit),La Vie d’Adèle (Blue Is the Warmest Colour) (2013),Stud Life (2012) (Harper's BAZAAR),Breaking the Girls (2012) (IMDb),Nowhere (1997) (Reddit),Rafiki (2018),Blue is the Warmest Colour (2013),Do Revenge (2022) — includes queer female relationship element (Reddit),Julie and Me (1998) (Wikipedia),Cured (documentary),Bonjour Tristesse (2024),Ashley (2013) (IMDb),All About E (2015),Tipping the Velvet (2002),Codependent Lesbian Space Alien Seeks Same (2011),Teeth (2007),All About E,Riot Girls (2019),The Half of It (2020),Lost and Delirious (2001),Monster (2003),Saving Face (2004),"Pariah (2011, USA)","I Can’t Think Straight (2008, UK/Jordan)"
Bare,Black Swan (2010) — has lesbian subtext / relationships in horror/thriller genre lists (IMDb),Tipping the Velvet (2002) — adaptation of Sarah Waters’ novel,Boundaries (or “Boundaries” variant) — (various queer anthologies) — listed in Autostraddle lists (Autostraddle),Contracted (2013) (IMDb),Love Lies Bleeding (2024) (Harper's BAZAAR),The World to Come (2020),Disobedience (2017),The World to Come (2020) (Reddit),"The Handmaiden (2016) — though more broadly queer, a strong sapphic element (Teen Vogue)",My Beautiful Laundrette (1985),The World to Come (2020),Breaking the Girls (2012) (IMDb),The Half of It (2020),Below Her Mouth (2016),Outlaw (1994),All Over Me (1997),Lianna,All Over Me (1997),The Miseducation of Cameron Post (2018),My Summer of Love (2004),Gia (1998),The Half of It (2020),"A Date for Mad Mary (2016, Ireland)","Kyss Mig (Kiss Me) (2011, Sweden)"
Edie & Thea: A Very Long Engagement (2009 documentary) (Wikipedia),The Children’s Hour (1961) — classic film about accusations of lesbianism (Reddit),Fingersmith (2005) — also adapted from Sarah Waters,All About E (2015) (IMDb),Show Me Love (aka Fucking Åmål) (1998) (IMDb),"Fucking Åmål (also known as Show Me Love, 1998) (Reddit)",The Half of It (2020),All Over Me (1997),Happiest Season (2020) — lesbian romance in a more mainstream holiday film (often on queer film lists) (Reddit),What If? / Imagine Me & You alternate title (same as #9),Hannah Free (2009),Happiest Season (2020),"Contracted (2013) (though more horror, listed in lesbian film lists) (IMDb)",Rafiki (2018),Appropriate Behavior (2014),Working Girls (1986),La Vie d’Adèle (Blue Is the Warmest Colour) (2013),My Days of Mercy,The Miseducation of Cameron Post (2018),Mosquita y Mari (2012),Mulholland Drive (2001),Mulholland Drive (2001),Happiest Season (2020),"Nina’s Heavenly Delights (2006, UK)","Vita & Virginia (2018, UK/Ireland)"
Julie and Me (1998) (Wikipedia),Working Girls (1986) — sometimes included in lesbian/Women’s film lists (Reddit),Elena Undone (2010),Bare (2015) (IMDb),Pariah (already listed),Dark Habits (1983) (Reddit),Eliza Winter (or similarly themed indie films),The Children’s Hour (1961),Black Bear (2020) — includes queer female themes (Reddit),Circumstance (2011) (Harper's BAZAAR),The Kids Are All Right (2010),Black Bear (2020),Ambrosia (2012) (IMDb),The World to Come (2020),Ammonite (2020),Baba Yaga (1973),Mulholland Drive (since it has queer subtext),Mädchen in Uniform (1931),Below Her Mouth (2016),"Kyss Mig / Kiss Me (2011, Sweden)",The Duke of Burgundy (2014),The World to Come (2020),I Can’t Think Straight (2008),"The Handmaiden (2016, South Korea)","Anaïs in Love (2021, France)"
The Aggressives (2005) (Out Magazine),Ambrosia (2012) (IMDb),Lost and Delirious (2001),Summertime (2015) (IMDb),Happiest Season (2020) (Reddit),Dallas Doll (1994) (Reddit),Gia,Mädchen in Uniform (1931),Cuckoo (2024) — queer media lists (Reddit),Water Lilies (already #2),The Incredibly True Adventure of Two Girls in Love (1995),Bottoms (2023),Show Me Love (Fucking Åmål) (1998) (IMDb),Happiest Season (2020),The World to Come (2020),Bar Girls,The Kids Are All Right (2010),Ashley,Saving Zoë (2019),"Fire (1996, India)",Vita & Virginia (2018),"Tipping the Velvet (2002, UK TV film)",Elena Undone (2010),"Disobedience (2017, UK)","The Firefly (La Luciérnaga) (2013, Colombia)"
What If (2000),Show Me Love (original Swedish title Fucking Åmål) (1998) (IMDb),Afflicted (1999),Lianna (1983) — often included in queer lists (IMDb),The Miseducation of Cameron Post (2018) (Reddit),"Bloodsisters: Leather, Dykes, and Sadomasochism (1995) (Reddit)",La Mission,Working Girls (1986),Bonjour Tristesse (2024) — from lists of queer films watched by audiences (Reddit),Gia (already #16),D.E.B.S. (2005),D.E.B.S. (2005),Ashley (repeat),Elisa & Marcela (2019),Summertime / La Belle Époque (2015),Bare,Appropriate Behavior (2014),Breaking the Girls,My Summer of Love (2004),"Mädchen in Uniform (1931, Germany)",Circumstance (2011),Ammonite (2020),"Yes or No (2010, Thailand)","La Belle Saison (Summertime) (2015, France)","Mädchen in Uniform (1931, Germany)"
High Art (1998),Jack & Diane (film) (IMDb),High Art (1998),My Days of Mercy (2017) (IMDb),Girls Like Magic (2017) (Gay Pride - LGBT and Queer Voices),Imagine Me & You (2005) (Reddit),Kissing Jessica Stein,D.E.B.S. (2005),Tár (2022) — included in Teen Vogue’s list of lesbian films (for its lesbian character subplot) (Teen Vogue),Portrait of a Lady on Fire (already #1),Heterosexual Jill (2013),Codependent Lesbian Space Alien Seeks Same (2011),Bar Girls (film) (from lesbian film category) (Wikipedia),Aimee & Jaguar (1999),Circumstance (2011),Shiva Baby (2020),Heartstone (2016),Ambrosia,Appropriate Behavior (2014),"Break My Fall (2011, UK)",All About E (2015),Wild Nights with Emily (2018),Imagine Me & You (2005),"A Girl at My Door (2014, South Korea)","Diana and I (2017, Mexico)"
Go West (2005),"Bill & Billie (?). (Less known, but some lists include lesser-known queer films)",All About E (2015),Boundaries (or variant “Boundaries” in Autostraddle list) (List Challenges),The Archer (2017) (Gay Pride - LGBT and Queer Voices),Better Than Chocolate (1999) (Reddit),Lifeline (or similarly themed lesser-known films),The Aggressives (2005) (Out Magazine),Booksmart (2019) — also included in queer / lesbian movie lists (Teen Vogue),Princess Cyd (already #15),Jack & Diane (2012),Outlaw (1994),Bare (film) (from lesbian film category) (Wikipedia),"Love, Simon (not purely lesbian, but has queer women characters)",Gia (1998),Bottoms,Carol (2015),Jack & Diane,The Half of It (2020),Mulholland Drive (2001),Monster (2003),"Kyss Mig (Kiss Me) (2011, Sweden)",Crush (2009),"Elisa & Marcela (2019, Spain)","Butterfly (1999, Spain)"
Tell It to the Bees (2018),Late Bloomers (?).,Below Her Mouth (2016),Hysteria (various queer short/indie films) — appears in Autostraddle’s broader lists (List Challenges),Addicted to Fresno (2015) (Gay Pride - LGBT and Queer Voices),Saving Face (2005) (San Francisco Chronicle),Ammonite (2020),Pariah (2011),Baba Yaga (1973) — from Wikipedia’s lesbian-related films category (Wikipedia),Stud Life (already #14),Ambrosia (2012),The Bitter Tears of Petra von Kant (1972),Bad Girls Go to Hell (older lesbian-related film) (Wikipedia),Ammonite (2020),Ellas dan el golpe (2021),The Children’s Hour (1961),Disobedience (2017),Codependent Lesbian Space Alien Seeks Same,Carol (2015),Lost and Delirious (2001),Aimee & Jaguar (1999),"Room in Rome (2010, Spain)",The Feels (2017),"Love My Life (2006, Japan)","Elisa & Marcela (2019, Spain)"
,,,,,,,,,,,,,,,,,,,🧡 Recent & Emerging Favorites,"🎭 Comedy, Satire & Feel-Good","🎭 Comedy, Indie & Cult Favorites",🌍 International Highlights,🎥 Documentaries & Real Stories,🌀 Experimental / Art-house / Cult
The World to Come (2020),Codependent Lesbian Space Alien Seeks Same (2011) (Reddit),The World to Come (2020),The Children’s Hour (1961) — classic film adaptation dealing with accusations of lesbianism (Reddit),The Intervention (2016) (Gay Pride - LGBT and Queer Voices),The Miseducation of Cameron Post (2018) (Reddit),Rocks in My Pockets,But Not Yet Dark (documentary),The Baby Formula (film) — from Wikipedia’s lesbian-related films category (Wikipedia),"Studio for Lawson — (lesser known, I’ll flag a few more)",Ashley (2013),Notes on a Scandal (2006),Baba Yaga (1973 film) (in category of lesbian-related films) (Wikipedia),Vita & Virginia (2018),My Days of Mercy (2017),Foxfire,Portrait of a Lady on Fire (2019),Outlaw,Portrait of a Lady on Fire (2019),Bottoms (2023),D.E.B.S. (2004),D.E.B.S. (2004),"Viva (Cuba, 2015)",A Secret Love (2020),Mulholland Drive (2001)
Hannah Free (2009),Mädchen in Uniform (1931) (Reddit),Happiest Season (2020) — holiday queer romance,Codependent Lesbian Space Alien Seeks Same (2011) (Reddit),Sign Me Up! (film) (Gay Pride - LGBT and Queer Voices),Happiest Season (2020) — has a lesbian/queer romance as a central plotline (Reddit),"V for Vendetta (not primarily lesbian, but features lesbian relationship subplot)",Blue (La Bleu) (various international queer cinema),Babylon (2022) — lesbian-related films list (Wikipedia),"Tipping the Velvet (adaptation, though more TV/mini)",Breaking the Girls (2012),All About Eve (1950),Backspot (from category) (Wikipedia),High Art (1998),The Half of It (2020),Mulholland Drive (2001) (has strong lesbian subtext),The World to Come (2020),The Children’s Hour,Lost and Delirious (2001),You Can Live Forever (2022),The Feels (2017),Saving Face (2004),"Rafiki (Kenya, 2018)",The Celluloid Closet (1995),Boundaries (Les Frontières) (2022)
The Miseducation of Cameron Post (2018),The Children’s Hour (1961) (already included above),Blue Gate Crossing (2002) — Taiwanese queer film,Working Girls (1986) — appears in queer lists (Reddit),Backspot (2023) (Them),The World to Come (2020) (Reddit),Pariah (2011),The Half-Breed (La Métisse) (various),Bad Girls Go to Hell — lesbian-related film list (Wikipedia),Aimee & Jaguar (1999),The Falls (2012),Working Girls (1986),The Baby Formula (from category) (Wikipedia),Kissing Jessica Stein (2001),Duck Butter (2018),The Bitter Tears of Petra von Kant (1972),Happiest Season (2020),Working Girls,Bound (1996),Love Lies Bleeding (2024),Yes or No (2010),Chasing Amy (1997),"Kyss Mig (Kiss Me) (Sweden, 2011)",The Same Difference (2015),The Duke of Burgundy (2014)
The Secrets (2007),Bar Girls (1993) (Wikipedia),Rafiki (2018) — though female–female romantic connection in Kenyan context,D.E.B.S. (2005) — popular lesbian-themed action/comedy film (Reddit),The Favourite (2018 — has strong sapphic subtext) (IndieWire),You Can Live Forever (2022) (Reddit),Appropriate Behavior (2014),Desert Hearts (1985),Bar Girls — from lesbian-related films list (Wikipedia),The World to Come (2020),The Falls: Testament of Love (2013),The Incredibly True Adventure of Two Girls in Love (1995),Babylon (2022 film) (in lesbian film category) (Wikipedia),The Secrets / Les secrètes (2020),Bottoms (2023),Personal Best (1982),The Half of It (2020),D.E.B.S.,La otra familia (2011),Am I OK? (2022),Duck Butter (2018),Itty Bitty Titty Committee (2007),"Carmen & Lola (Spain, 2018)",Edie & Thea: A Very Long Engagement (2009),All About E (2015)
Lost and Delirious (2001),Bad Girls Go to Hell (1965) (Wikipedia),Aimee & Jaguar (1999) — based on true lesbian love in WWII era,The Bitter Tears of Petra von Kant (1972) — queer classic often cited in discussions of lesbian cinema (Reddit),Blue Is the Warmest Colour (already listed),Do Revenge (2022) — features queer female characters (Reddit),The Notorious Bettie Page (contains queer subplots),Bloomington (2010),Bare (film) — lesbian-related list (Wikipedia),Disobedience (2017),The Falls: Covenant of Grace (2016),The Hunger (1983),Badhaai Do (listed in category) (Wikipedia),"Portrait of a Lady on Fire (repeat) — (already in #1, skip duplicate)",Drive Me Home (2019),The Hunger (1983),Ammonite (2020),Edie & Thea: A Very Long Engagement (documentary) (Wikipedia),The World to Come (2020),Blue Jean (2022),Happiest Season (2020),The Feels (2017),"Summertime (La Belle Saison) (France, 2015)",Chavela (2017),Stud Life (2012)
Below Her Mouth (2016),The Baby Formula (2009) (Wikipedia),The Kids Are All Right (2010) — lesbian parents central to the plot,"The Hunger (1983) — vampire film with lesbian overtones/subtext, often included in queer/horror lists (IMDb)",Below Her Mouth (2016) (IMDb),Cuckoo (2024) (Reddit),Carol’s Journey (or similar international titles),The Secret Diaries of Miss Anne Lister / Gentleman Jack (film / TV crossover),Backspot — lesbian-related list (Wikipedia),Blue Is the Warmest Colour (2013),Saving Grace (2007),Rebecca (various versions),Working Girls (1986) (often included in queer film lists) (Reddit),(correcting) Appropriate Behavior (2014),The Favourite (2018) (queer subtexts),Daughters of Darkness (1971),Let Me Fall (2018),Bad Girls Go to Hell,"Love, Simon (has queer women characters)",My Animal (2023),The Watermelon Woman (1996),Booksmart (2019),"Liz and the Blue Bird (Japan, 2018)",Ahead of the Curve (2020),The Feels (2017)
Yes or No (2010),Baba Yaga (1973) (Wikipedia),"Pariah (2011) — more broadly queer, but strong lesbian lead",Black Swan (2010) — sometimes included in lesbian / queer women genre listings (though its classification is debated) (IMDb),Room in Rome (2010) (IMDb),Bonjour Tristesse (2024) — modern adaptation including queer themes (Reddit),Tipping the Velvet (adapted film / miniseries),Below Her Mouth (2016),"The Handmaidens (alternate to The Handmaiden, but sometimes appears in lists) — from some lists of lesbian/queer films (variation)",Elisa & Marcela (2019),Disobedience (repeat),A League of Their Own (1992),D.E.B.S. (2005) (often listed among fun lesbian / queer films) (Reddit),Educational films: “Blue is the Warmest Colour — Uncut” edition (special),Disobedience (2017),Heavenly Creatures (1994),La Belle Saison (Summertime) (2015),Bar Girls,The Secrets (2007),Princess Cyd (2017),Jamie and Jessie Are Not Together (2011),Happiest Season (2020),"A Date for Mad Mary (Ireland, 2016)","Dykes, Camera, Action! (2018)",The Half of It (2020)
"Gia (1998) — okay, I realize I already listed that; replace duplicate with Rafiki (2018)",Sister My Sister (1994) (IMDb),Summer in My Veins (2015),Dracula’s Daughter (1936) — one of early films with a lesbian-themed / homoerotic supporting character (IMDb),Mean Girls (2004 — has some lesbian plotting / queerness) (Saint Paul Public Library),Black Bear (2020) — contains queer female elements/subtext (Reddit),Blue (1993),Elisa & Marcela (2019),Heterosexual Jill — from “Ultimate Lesbian Movie List” (IMDb),Rafiki (2018),The Favourite (repeat),Ashes & Snow (though more queer-adjacent),"Shiva Baby (2020) (not strictly lesbian, but queer / queer adjacency) (Reddit)",Cloudburst (2011),If These Walls Could Talk 2 (2000),Benedetta (2021),Elena (2011),Bare (film),Tom at the Farm (2013),Wild Nights with Emily (2018),Girl Picture (2022),Crush (2022),"Butterfly (Mariposa) (Argentina, 2015)",Secret Society of Souptown (2015),"Crush (1992, short film)"
"Love, Simon (though more broadly LGBT, it has lesbian side characters)",Lipstikka (2008) (IMDb),I Can’t Think Straight (2008),Rebecca (1940) — included in lesbian / queer lists (subtext) (IMDb),All Over Me (1997) (Saint Paul Public Library),"The Handmaiden (2016) — (repeated, but important)",Habit (1997),Wild Nights with Emily (2018),Jack & Diane — from “Ultimate Lesbian Movie List” (IMDb),The Half of It (2020),Fire (repeat),Ambrosia (2012),Mädchen in Uniform (1931) (classic lesbian-themed film) (Reddit),The Kids Are All Right (2010) — features lesbian couple as central characters,Tales of the City (1993),All Over Me (1997),Aimee & Jaguar (1999),The Baby Formula,Summerland (2020),Margarita (2012),Miseducation of Cameron Post (2018),Bottoms (2023),"Girl Picture (Finland, 2022)",Forbidden: Undocumented and Queer in Rural America (2016),The Favourite (2018)
Blue Is the Warmest Color (already listed — so instead add Elena Undone (2010),D.E.B.S. (2005) — action / spy comedy with lesbian romance subtext (Reddit),Lost Girls & Love Hotels (2020) — includes queer female characters,An Erotic Werewolf in London (2006) — genre film with queer / lesbian elements (IMDb),"The Favourite (already in #44) — to avoid duplication, I'll add Desert Hearts (1985) (Facebook)","Tipping the Velvet (2002, TV film) — though technically a TV adaptation, often included in lesbian film lists",Burning Bodhi / The Miseducation of Cameron Post,Carol at Night (short / indie),Ambrosia — from “Ultimate Lesbian Movie List” (IMDb),"Portraits of a Serial Killer — (this is more marginal, but can be included in queer‐adjacent lists)",The Half of It (2020),Heterosexual Jill (2013),Working Girls (duplicate; perhaps substitute Pariah (2011)) (commonly in queer film lists) (Out Magazine),The Favourite (2018) — queer women subplots,Mädchen in Uniform (1931),Blue (various films titled “Blue” with lesbian themes),Edie & Thea: A Very Long Engagement (2009) — documentary (Wikipedia),Baba Yaga,The Pass (2016),Benedetta (2021),Love Lies Bleeding (2024),Am I OK? (2022),"Ammonite (UK, 2020)",Game Girls (2018),Desire Will Set You Free (2015)
,,,,,,,,,,,,,Saving Face (again) — (already listed),,,,,,,,,,,
"If you like, I can reorganize this by era, by country, or pick my top 10 favorites. Which do you prefer?","If you like, I can sort these by genre (romance, drama, thriller, indie) or by decade, or filter to ones that are streaming now. Do you want me to format them in a watchlist (with trailers or streaming info)?","If you like, I can send a curated list (for example the top 20 must-see lesbian films) with brief descriptions and where to stream them. Do you want me to narrow it down?","If you like, I can refine by era, region, or genre (e.g. romance, drama, horror) and send you a more curated “top 20 must-see” list. Do you want me to filter or categorize this list further?","If you like, I can send you 50 streaming-available lesbian films right now (on Netflix, Hulu, etc.), or group them by era or style. Do you want me to filter by language, country, genre, or availability?","If you like, I can send you a categorized version (romance, drama, thriller, etc.) or ones you can watch on streaming platforms. Which would you prefer?","If you like, I can narrow the list by genre (romance, drama, thriller), era (recent films), or availability (streaming now). Would you prefer that?","If you like, I can refine by genre (romance, drama, horror, documentary) or period (modern, classic) or by country and share streaming options too. Do you want me to narrow it down?","If you like, I can curate a top 10 must-watch from this list (with reasons) or filter by genre (romance, thriller, documentary) or decade. Do you want me to refine it?","If you like, I can pick out a top 10 must-watch, or group them by decade/genre to help you decide what to watch first. Do you prefer that?","If you like, I can clean this list up (removing repeats), and group by decade, country, or mood (romance, drama, thriller). Would you like me to do that?","If you like, I can sort them by era, genre, or “must-watch” recommendations, and even provide streaming info. Would you like me to do that?","If you like, I can send you a curated subset by genre (romance, drama, horror, international) or by decade, with streaming availability. Do you want me to filter or reorder this list?","If you like, I can refine to “pure lesbian romance/drama” (excluding films with more incidental queer characters), or pick 10 “must-watch” recommendations first. Which version would you prefer?","If you like, I can send you a streaming-friendly list (i.e. films you can watch now) or pick the top 10 you should watch first. Which would you prefer?","If you like, I can narrow that down by decade, style (romance, drama, thriller), or availability (streaming), and send you a shorter “must-watch” subset. Do you want me to refine it?","If you want streaming links or which ones are highly rated, I can pull that up.","If you like, I can send you a curated list of my top 10 favorites (with trailers or streaming links), or filter by decade or region. Which would you prefer?","If you like, I can clean up duplicates, ensure all are strictly lesbian-centered, and sort by decade or region. Do you want me to refine this list?","Would you like me to make a watchlist version (with genres, themes, and where to stream each film)? That could make it easier to explore.","Would you like me to sort them by genre, country, or streaming availability next?","Would you like me to narrow this list — for example, by decade, genre, or country (e.g., only modern films from the 2010s–2020s, or only non-English films)?","Would you like me to organize these by genre, country, or decade next? I can also mark which ones are feel-good romances vs. tragic dramas, depending on your mood or theme.","Would you like me to make a subset by genre (e.g., romantic comedies, dramas, or foreign films) or a ranked list by critical acclaim next?","Would you like me to organize them by genre, decade, or country next? I can also make a watchlist-style spreadsheet (with director, year, and streaming availability)."
,,,,,,,,,,,,,(correct) Rocks in My Pockets (2014) — not purely lesbian but queer themes,,,,,,,,,,,
,,,,,,,,,,,,,,,,,,,,,,,,
,,,,,,,,,,,,,My Summer with Des (short / indie),,,,,,,,,,,