TITLE,OCCURENCES,GROUP NAME,GROUP #
Portrait of a Lady on Fire,31,Over 20  Occurences,1
Carol,28,Over 20  Occurences,1
Blue is the Warmest Color (La Vie D’Adele),27,Over 20  Occurences,1
Bound,26,Over 20  Occurences,1
Watermelon Woman,25,Over 20  Occurences,1
But I’m a Cheerleader,25,Over 20  Occurences,1
Imagine Me & You,25,Over 20  Occurences,1
Saving Face,25,Over 20  Occurences,1
The Handmaiden,25,Over 20  Occurences,1
Pariah,25,Over 20  Occurences,1
Go Fish,23,Over 20  Occurences,1
The Incredibly True Adventures of Two Girls in Love,22,Over 20  Occurences,1
Fire,22,Over 20  Occurences,1
Gia,21,Over 20  Occurences,1
Desert Hearts,21,Over 20  Occurences,1
Mosquita y Mari,20,Over 20  Occurences,1
The Miseducation of Cameron Post,20,Over 20  Occurences,1
The Children’s Hour,19,10 to 19 Occurences,2
Princess Cyd,18,10 to 19 Occurences,2
Disobedience,18,10 to 19 Occurences,2
The World to Come,17,10 to 19 Occurences,2
D.E.B.S.,17,10 to 19 Occurences,2
Stud Life,16,10 to 19 Occurences,2
Water Lilies,16,10 to 19 Occurences,2
High Art,16,10 to 19 Occurences,2
Love Lies Bleeding,16,10 to 19 Occurences,2
The Half of it,16,10 to 19 Occurences,2
Maedchen in Uniform,15,10 to 19 Occurences,2
Working Girls,15,10 to 19 Occurences,2
Julie and Me,14,10 to 19 Occurences,2
Edie & Thea: A very long engagement ,14,10 to 19 Occurences,2
Happiest Season,14,10 to 19 Occurences,2
Rafiki,13,10 to 19 Occurences,2
Ammonite,13,10 to 19 Occurences,2
Codependent Lesbian Space Alien Seeks Same,13,10 to 19 Occurences,2
Circumstance,12,10 to 19 Occurences,2
The Favourite,12,10 to 19 Occurences,2
Below Her Mouth,11,10 to 19 Occurences,2
Shiva Baby,11,10 to 19 Occurences,2
My Summer of Love,10,10 to 19 Occurences,2
Ambrosia,9,2 to 9 Occurences,3
All Over Me,9,2 to 9 Occurences,3
Aimee & Jaguar,9,2 to 9 Occurences,3
Elena Undone,9,2 to 9 Occurences,3
Lost and Delirious,9,2 to 9 Occurences,3
Outlaw,9,2 to 9 Occurences,3
Mulholland Drive,9,2 to 9 Occurences,3
Summertime,9,2 to 9 Occurences,3
Jack and Diane,8,2 to 9 Occurences,3
Heterosexual Jill,8,2 to 9 Occurences,3
Tipping the Velvet,8,2 to 9 Occurences,3
Appropriate Behavior,8,2 to 9 Occurences,3
All about E,8,2 to 9 Occurences,3
Ashley,7,2 to 9 Occurences,3
Bare,7,2 to 9 Occurences,3
Personal Best,7,2 to 9 Occurences,3
Heavenly Creatures,7,2 to 9 Occurences,3
Show Me Love ,7,2 to 9 Occurences,3
Kiss Me,7,2 to 9 Occurences,3
Bar Girls,6,2 to 9 Occurences,3
Breaking the Girls,6,2 to 9 Occurences,3
The Feels,6,2 to 9 Occurences,3
Elisa & Marcela,6,2 to 9 Occurences,3
The Kids Are Alright,6,2 to 9 Occurences,3
The Baby Formula,5,2 to 9 Occurences,3
Lianna,5,2 to 9 Occurences,3
Better Than Chocolate,5,2 to 9 Occurences,3
Booksmart,5,2 to 9 Occurences,3
Bottoms,5,2 to 9 Occurences,3
Summerland,5,2 to 9 Occurences,3
I Can’t Think Straight,5,2 to 9 Occurences,3
Loving Annabelle,5,2 to 9 Occurences,3
My Days of Mercy,5,2 to 9 Occurences,3
Baba Yaga,5,2 to 9 Occurences,3
"Love, Simon",4,2 to 9 Occurences,3
The Hunger,4,2 to 9 Occurences,3
When Night is Falling,4,2 to 9 Occurences,3
Bloomington,4,2 to 9 Occurences,3
The Duke of Burgundy,4,2 to 9 Occurences,3
Bad Girls Go To Hell,4,2 to 9 Occurences,3
The Bitter Tears of Petra von Kant,4,2 to 9 Occurences,3
Wild Nights with Emily,4,2 to 9 Occurences,3
Yes or No,3,2 to 9 Occurences,3
Tell it to the Bees,3,2 to 9 Occurences,3
If These Walls Could Talk 2,3,2 to 9 Occurences,3
Kissing Jessica Stein,3,2 to 9 Occurences,3
Contracted,3,2 to 9 Occurences,3
Cloudburst,3,2 to 9 Occurences,3
The Hours,3,2 to 9 Occurences,3
Room in Rome,3,2 to 9 Occurences,3
Boundaries,3,2 to 9 Occurences,3
Vita & Virginia,3,2 to 9 Occurences,3
Duck Butter,3,2 to 9 Occurences,3
You Can Live Forever ,3,2 to 9 Occurences,3
,3,2 to 9 Occurences,3
Cuckoo ,3,2 to 9 Occurences,3
Bonjour Tristesse,3,2 to 9 Occurences,3
Black Bear ,3,2 to 9 Occurences,3
A Date for Mad Mary,3,2 to 9 Occurences,3
Girl Picture,3,2 to 9 Occurences,3
The Secrets,2,2 to 9 Occurences,3
Hannah Free,2,2 to 9 Occurences,3
What If,2,2 to 9 Occurences,3
The Aggressives,2,2 to 9 Occurences,3
Claire of the Moon,2,2 to 9 Occurences,3
The Killing of Sister George,2,2 to 9 Occurences,3
Allure,2,2 to 9 Occurences,3
Nina’s Heavenly Delights,2,2 to 9 Occurences,3
Born in Flames,2,2 to 9 Occurences,3
Women Who Kill,2,2 to 9 Occurences,3
Fingersmith,2,2 to 9 Occurences,3
Viva,2,2 to 9 Occurences,3
The Firefly,2,2 to 9 Occurences,3
Freeheld,2,2 to 9 Occurences,3
Circus of Books,2,2 to 9 Occurences,3
Black Swan,2,2 to 9 Occurences,3
Benedetta,2,2 to 9 Occurences,3
Rebecca ,2,2 to 9 Occurences,3
Girls Like Magic,2,2 to 9 Occurences,3
Anais in Love,2,2 to 9 Occurences,3
Additcted to Fresno,2,2 to 9 Occurences,3
The Intervention,2,2 to 9 Occurences,3
Sign Me Up! ,2,2 to 9 Occurences,3
Do Revenge,2,2 to 9 Occurences,3
La Mission,2,2 to 9 Occurences,3
Rocks in My Pockets,2,2 to 9 Occurences,3
Monster,2,2 to 9 Occurences,3
Babyon,2,2 to 9 Occurences,3
Notes on a Scandal,2,2 to 9 Occurences,3
Am I OK,2,2 to 9 Occurences,3
Margarita with a Straw ,2,2 to 9 Occurences,3
Butterfly ,2,2 to 9 Occurences,3
Jamie and Jessie Are Not Together ,2,2 to 9 Occurences,3
Go West,1,Single Occurence,4
Fried Green Tomatoes,1,Single Occurence,4
Tomboy,1,Single Occurence,4
Persona,1,Single Occurence,4
"Caroline, or Change",1,Single Occurence,4
The Fall of the Roman Empire ,1,Single Occurence,4
Forbidden Love: The Unashamed Stories of Lesbian Lives ,1,Single Occurence,4
Concussion,1,Single Occurence,4
Vampyros Lesbos,1,Single Occurence,4
I Care a Lot ,1,Single Occurence,4
What’s Love Got to Do with It? ,1,Single Occurence,4
What to Read Next ,1,Single Occurence,4
Work/Bodies ,1,Single Occurence,4
Carol’s Daughter,1,Single Occurence,4
Dracula’s Daughter,1,Single Occurence,4
Daughters of Darkness,1,Single Occurence,4
The World Unseen,1,Single Occurence,4
Jenny’s Wedding,1,Single Occurence,4
Lovesong,1,Single Occurence,4
Drive-away Dolls,1,Single Occurence,4
Thelma,1,Single Occurence,4
Ellie & Abbie (& Ellie’s Dead Aunt),1,Single Occurence,4
Stranger Inside,1,Single Occurence,4
Stranger by the Lake,1,Single Occurence,4
Carol’s Second Era,1,Single Occurence,4
She must be seeing things,1,Single Occurence,4
Set it off,1,Single Occurence,4
Bill & Billie,1,Single Occurence,4
Late Bloomers,1,Single Occurence,4
Sister My Sister,1,Single Occurence,4
Lipstikka,1,Single Occurence,4
Come See Me In The Good Light,1,Single Occurence,4
Elena,1,Single Occurence,4
Hunger ,1,Single Occurence,4
Afflicted,1,Single Occurence,4
Blue Gate Crossing ,1,Single Occurence,4
Summer in My Veins ,1,Single Occurence,4
Lost Girls & Love Hotels ,1,Single Occurence,4
Tar ,1,Single Occurence,4
V for Vendetta,1,Single Occurence,4
Hysteria ,1,Single Occurence,4
An Erotic Werewolf in London ,1,Single Occurence,4
Crush,1,Single Occurence,4
Crush ,1,Single Occurence,4
Crush ,1,Single Occurence,4
My First Summer ,1,Single Occurence,4
Desperate Living ,1,Single Occurence,4
The Archer ,1,Single Occurence,4
Mean Girls (2004 — has some lesbian plotting / queerness) (Saint Paul Public Library),1,Single Occurence,4
Dark Habits (1983) (Reddit),1,Single Occurence,4
But Not Yet Dark (documentary),1,Single Occurence,4
Daughters of Darkness (1971),1,Single Occurence,4
Dallas Doll (1994) (Reddit),1,Single Occurence,4
"Bloodsisters: Leather, Dykes, and Sadomasochism (1995) (Reddit)",1,Single Occurence,4
Nowhere (1997) (Reddit),1,Single Occurence,4
Eliza Winter (or similarly themed indie films),1,Single Occurence,4
Lifeline (or similarly themed lesser-known films),1,Single Occurence,4
The Notorious Bettie Page (contains queer subplots),1,Single Occurence,4
Carol’s Journey (or similar international titles),1,Single Occurence,4
Burning Bodhi,1,Single Occurence,4
Habit (1997),1,Single Occurence,4
The Half-Breed (La Métisse) (various),1,Single Occurence,4
The Secret Diaries of Miss Anne Lister / Gentleman Jack (film / TV crossover),1,Single Occurence,4
Carol at Night (short / indie),1,Single Occurence,4
Desire Will Set You Free (2015),1,Single Occurence,4
High School ,1,Single Occurence,4
The Last of Us ,1,Single Occurence,4
Studio for Lawson,1,Single Occurence,4
Portraits of a Serial Killer ,1,Single Occurence,4
Cured,1,Single Occurence,4
My Beautiful Laundrette,1,Single Occurence,4
The Falls ,1,Single Occurence,4
The Falls: Testament of Love,1,Single Occurence,4
The Falls: Covenant of Grace,1,Single Occurence,4
Saving Grace,1,Single Occurence,4
A League of Their Own ,1,Single Occurence,4
Ashes & Snow ,1,Single Occurence,4
Badhaai Do ,1,Single Occurence,4
The Secrets,1,Single Occurence,4
Firebird,1,Single Occurence,4
Blueboy,1,Single Occurence,4
Girlhood / Bande de Filles ,1,Single Occurence,4
Kindred Spirits ,1,Single Occurence,4
"Ellas dan el golpe
= A League of Their Own TV",1,Single Occurence,4
Drive Me Home,1,Single Occurence,4
Tales of the City,1,Single Occurence,4
Foxfire,1,Single Occurence,4
XXY,1,Single Occurence,4
Teeth,1,Single Occurence,4
Heartstone,1,Single Occurence,4
Let Me Fall,1,Single Occurence,4
A Girl Like Grace,1,Single Occurence,4
Actual Reality,1,Single Occurence,4
Colette,1,Single Occurence,4
Ava’s Impossible Things,1,Single Occurence,4
Riot Girls,1,Single Occurence,4
Saving Zoë ,1,Single Occurence,4
La otra familia,1,Single Occurence,4
Tom at the Farm,1,Single Occurence,4
The Pass,1,Single Occurence,4
Break My Fall ,1,Single Occurence,4
Chasing Amy ,1,Single Occurence,4
Margarita,1,Single Occurence,4
Blue Jean ,1,Single Occurence,4
My Animal ,1,Single Occurence,4
Itty Bitty Titty Committee,1,Single Occurence,4
A Marine Story,1,Single Occurence,4
Carmen & Lola ,1,Single Occurence,4
Liz and the Blue Bird ,1,Single Occurence,4
Butterfly ,1,Single Occurence,4
Liz in September,1,Single Occurence,4
A Girl at My Door ,1,Single Occurence,4
Diana and I,1,Single Occurence,4
A Secret Love ,1,Single Occurence,4
The Celluloid Closet ,1,Single Occurence,4
The Same Difference ,1,Single Occurence,4
Chavela ,1,Single Occurence,4
Ahead of the Curve,1,Single Occurence,4
"Dykes, Camera, Action!",1,Single Occurence,4
Secret Society of Souptown,1,Single Occurence,4
Forbidden: Undocumented and Queer in Rural America ,1,Single Occurence,4
Game Girls ,1,Single Occurence,4
My Summer with Des ,1,Single Occurence,4
,,,
,,,
,1256,,